{"abbottabad": [34.13583333, 73.18111111], "attock": [33.76694444, 72.36055556], "awaran": [26.14527778, 65.46805556], "badin": [24.68361111, 68.71333333], "bahawalnagar": [30.00055556, 73.25472222], "bahawalpur": [29.34138889, 71.68277778], "bajur": [34.79277778, 71.52333333], "bannu": [32.93333333, 70.66777778], "barkhan": [29.91361111, 69.57333333], "batagram": [34.77277778, 73.13416667], "bhakhar": [31.88833333, 71.37888889], "bunair": [34.40027778, 72.61361111], "chakwal": [32.84305556, 72.61], "charsada": [34.22083333, 71.71416667], "chiniot": [31.63861111, 72.80194444], "chitral": [36.12194444, 72.13527778], "d. g. khan": [30.33638889, 70.24], "d. i. khan": [31.75444444, 70.61777778], "dadu": [26.65583333, 67.56861111], "dera bugti": [29.07638889, 69.08777778], "duki": [30.14888889, 68.58416667], "faisalabad": [31.45527778, 73.13472222], "ghotki": [27.78333333, 69.56444444], "gujranwala": [32.16805556, 74.12055556], "gujrat": [32.66805556, 74.16472222], "gwadar": [25.40305556, 63.10083333], "hafizabad": [32.07222222, 73.68888889], "hangu": [33.45194444, 70.90472222], "haripur": [34.04722222, 72.84916667], "harnai": [30.11583333, 67.90305556], "hyderabad": [25.30638889, 68.47583333], "islamabad": [33.72972222, 73.03916667], "jacobabad": [28.28277778, 68.44694444], "jaffarabad": [28.31972222, 68.18888889], "jamshoro": [25.64194444, 67.94611111], "jehlum": [32.81138889, 73.53527778], "jhang": [31.21222222, 72.23416667], "kachhi/ bolan": [29.24222222, 67.66638889], "kalat": [28.93694444, 66.42583333], "karachi central": [24.95694444, 67.05777778], "karachi east": [24.87638889, 67.10527778], "karachi malir": [25.04638889, 67.33277778], "karachi south": [25.11833333, 67.23361111], "karachi west": [24.9775, 66.94861111], "karak": [33.13361111, 71.095], "kashmore": [28.29305556, 69.37944444], "kasur": [31.1, 74.12111111], "kech/turbat": [25.76805556, 63.79166667], "khairpur": [27.52694444, 68.75472222], "khanewal": [30.47666667, 72.04472222], "kharan": [28.83222222, 65.66777778], "khushab": [32.34916667, 72.14055556], "khuzdar": [27.6325, 66.79138889], "khyber": [33.94527778, 71.04694444], "kohat": [33.51777778, 71.52194444], "kohistan": [35.27694444, 73.27472222], "kohlu": [29.89777778, 69.24888889], "korangi": [24.81805556, 67.11722222], "kurram": [33.72194444, 70.33416667], "lahore": [31.52611111, 74.3575], "lakki marwat": [32.58361111, 70.90611111], "larkana": [27.55805556, 68.2025], "lasbela": [25.88277778, 66.7075], "layyah": [31.1125, 70.99888889], "lodhran": [29.69666667, 71.66472222], "loralai": [30.33166667, 68.81083333], "lower dir": [34.92111111, 71.80833333], "malakand": [34.51416667, 71.90361111], "mandi bahauddin": [32.41888889, 73.36777778], "mansehra": [34.68916667, 73.36666667], "mardan": [34.31777778, 72.04611111], "mastung": [29.84277778, 66.90055556], "matiari": [25.76138889, 68.47472222], "mianwali": [32.68833333, 71.4725], "mir pur khas": [25.19166667, 69.19055556], "mohmand": [34.54111111, 71.28527778], "multan": [30.16083333, 71.52333333], "muzaffar garh": [30.16305556, 71.09083333], "nankana sahib": [31.45944444, 73.79416667], "narowal": [32.30305556, 75.05972222], "nasirabad/ tamboo": [28.43833333, 68.02111111], "north waziristan": [32.94777778, 69.95277778], "nowshera": [34.01083333, 71.98722222], "nowshero feroze": [26.82305556, 68.04555556], "nushki": [29.48888889, 65.66194444], "okara": [30.81444444, 73.45305556], "orakzai": [33.67611111, 70.95111111], "pakpattan": [30.26416667, 73.18111111], "peshawar": [33.95611111, 71.61527778], "pishin": [30.74888889, 67.28472222], "qilla abdullah": [30.82111111, 66.7075], "qilla saifullah": [31.03166667, 68.32444444], "quetta": [30.19222222, 67.0925], "rahim yar khan": [28.57944444, 70.62055556], "rajanpur": [29.105, 70.33], "rawalpindi": [33.48, 73.36916667], "sahiwal": [30.59388889, 72.99166667], "sanghar": [25.87722222, 69.46833333], "sargodha": [32.17555556, 72.80083333], "shahdadkot": [27.58611111, 68.00555556], "shaheed banazir abad": [26.31027778, 68.23416667], "shaheed sikandar abad": [0.0, 0.0], "shangla": [34.89638889, 72.7525], "sheikhupura": [31.63194444, 74.12138889], "sherani": [31.9875, 69.515], "shikarpur": [27.98055556, 68.61916667], "sialkot": [32.39083333, 74.49722222], "sibbi": [29.66277778, 68.045], "sohbatpur": [28.50111111, 68.64027778], "south waziristan": [32.33555556, 69.86], "sujawal": [24.60444444, 68.0775], "sukkur": [27.54916667, 68.99583333], "swabi": [34.08277778, 72.47111111], "swat": [35.24305556, 72.42166667], "t.t. singh": [31.07777778, 72.61472222], "tando allah yar": [25.44666667, 68.76166667], "tando muhammad khan": [25.04388889, 68.47361111], "tank": [32.28638889, 70.38305556], "tharparkar": [24.89861111, 70.2325], "thatta": [24.56, 67.95111111], "tor garh": [34.54944444, 72.87388889], "umer kot": [25.48055556, 69.95416667], "upper dir": [35.36194444, 72.045], "vehari": [29.98055556, 72.42305556], "washuk": [27.94611111, 63.945], "ziarat": [30.44833333, 67.80861111]}