{
  "chitral": [
    71.195027,
    35.2163,
    73.8896576,
    36.908791
  ],
  "hangu": [
    117.7962235,
    39.2594618,
    118.0322208,
    39.4102129
  ],
  "bahawalnagar": [
    72.261753,
    28.8190362,
    73.9726891,
    30.3412541
  ],
  "chakwal": [
    72.4875687,
    32.5973602,
    73.3169292,
    33.1949958
  ],
  "chiniot": [
    72.434327,
    31.362188,
    73.2315763,
    31.97626
  ],
  "faisalabad": [
    72.705368,
    30.673096,
    73.6839572,
    31.7836613
  ],
  "gujranwala": [
    73.7963557,
    31.817606,
    74.5768378,
    32.3296031
  ],
  "hafizabad": [
    73.1597763,
    31.7615491,
    73.8309074,
    32.342128
  ],
  "jhang": [
    71.6587136,
    30.574968,
    72.830369,
    31.763259
  ],
  "khanewal": [
    71.5605909,
    29.900235,
    72.5036541,
    30.730667
  ],
  "khushab": [
    71.625067,
    31.5302101,
    72.665583,
    32.713068
  ],
  "lahore": [
    74.006849,
    31.2005939,
    74.6546712,
    31.7134238
  ],
  "layyah": [
    70.73699,
    30.583735,
    71.858366,
    31.3859058
  ],
  "lodhran": [
    71.355021,
    29.372238,
    72.111455,
    29.969879
  ],
  "mandi bahauddin": [
    73.0604593,
    32.1220835,
    73.8939508,
    32.7333842
  ],
  "mianwali": [
    71.107059,
    32.166851,
    71.9614119,
    33.2403018
  ],
  "nankana sahib": [
    73.2848816,
    31.021134,
    74.038206,
    31.8398735
  ],
  "narowal": [
    74.583795,
    31.9211581,
    75.3814778,
    32.4975874
  ],
  "okara": [
    73.269328,
    30.252537,
    74.1665202,
    31.1391743
  ],
  "pakpattan": [
    72.830114,
    30.0220947,
    73.648,
    30.611603
  ],
  "rahim yar khan": [
    69.465749,
    27.7055479,
    71.1086179,
    29.269796
  ],
  "rajanpur": [
    69.261757,
    28.396611,
    70.7255264,
    29.8833716
  ],
  "sahiwal": [
    72.3958754,
    30.160454,
    73.377147,
    30.9350989
  ],
  "sheikhupura": [
    73.4528588,
    31.364705,
    74.6915959,
    32.062211
  ],
  "sialkot": [
    74.1992245,
    32.053111,
    74.9448612,
    32.8419547
  ],
  "vehari": [
    71.7361561,
    29.593122,
    72.9932861,
    30.3701868
  ],
  "quetta": [
    66.915753,
    30.131802,
    67.068746,
    30.275795
  ]
}